<?xml version="1.0" encoding="UTF-8"?>
<!--  Exemple invalid: 'valor': 'dos' is not a valid value  -->
<!--
    Romà Carbonell Benito
    Narcís Carol
    14/10/2024
    ASIXc2b M04 UF1
-->
<receptes xmlns:xsi="http://www.w3.org/2001/XMLSchema-instance" xsi:noNamespaceSchemaLocation="e2_receptes.xsd">
    <recepta dificultat="5">
        <nom>Papates amb llet</nom>
        <ingredients>
            <ingredient>
                <quantitat>
                    <valor>dos</valor>
                    <mesura>grams</mesura>
                </quantitat>
                <nom>all</nom>
            </ingredient>
        </ingredients>
        <passos>
            <pas>Escalfar l'oli</pas>
            <pas>Fregir patates</pas>
        </passos>
    </recepta>
</receptes>
