<?xml version="1.0" encoding="UTF-8"?>
<!--  Exemple invalid: 'valor': dificultat va entre 0 i 10  -->
<!--
    Romà Carbonell Benito
    Narcís Carol
    14/10/2024
    ASIXc2b M04 UF1
-->

<receptes xmlns:xsi="http://www.w3.org/2001/XMLSchema-instance" xsi:noNamespaceSchemaLocation="e2_receptes.xsd">
    <recepta dificultat="100">
        <nom>Papates amb llet</nom>
        <ingredients>
            <ingredient>
                <quantitat>
                    <valor>2</valor>
                    <mesura>grams</mesura>
                </quantitat>
                <nom>all</nom>
            </ingredient>
        </ingredients>
        <passos>
            <pas>Fregir patates</pas>
            <pas>Posar-hi la llet</pas>
            <pas>deixar refredar</pas>
        </passos>
    </recepta>
    <recepta dificultat="-1">
        <nom>Papates amb llet2</nom>
        <ingredients>
            <ingredient>
                <quantitat>
                    <valor>2</valor>
                    <mesura>grams</mesura>
                </quantitat>
                <nom>all</nom>
            </ingredient>
        </ingredients>
        <passos>
            <pas>Fregir patates</pas>
            <pas>Posar-hi la llet</pas>
            <pas>Batir</pas>
            <pas>deixar refredar</pas>
        </passos>
    </recepta>
</receptes>
